<?xml version="1.0" encoding="us-ascii"?>
<Catalog>
    <CAlert id="MineralsTooHigh">
        <Icon value="Assets\Textures\icon-mineral.dds"/>
    </CAlert>
    <CAlert id="GasTooHigh">
        <Icon value="Assets\Textures\icon-gas.dds"/>
        <Tooltip value="Alert/Tooltip/GasTooHigh]"/>
    </CAlert>
    <CAlert id="SupplyBlockImminentZerg2" parent="TrainError">
        <Flags index="Combine" value="0"/>
        <Fade value="0.330000"/>
        <Icon value="Assets\Textures\tutorialmouseleftbuttondown.dds"/>
        <Life value="1.000000"/>
        <QueueTime value="1.000000"/>
    </CAlert>
    <CAlert id="UpgradeDelayed">
        <Flags index="Combine" value="0"/>
        <Icon value="Assets\Textures\abilityicon_broodmother_square.dds"/>
        <Life value="4.000000"/>
        <Sound value="MineralsTooHigh"/>
    </CAlert>
    <CAlert id="ProductionIdleTooLong">
        <Flags index="Combine" value="0"/>
        <Icon value="Assets\Textures\abilityicon_broodmother_square.dds"/>
        <Life value="4.000000"/>
        <Sound value="MineralsTooHigh"/>
    </CAlert>
    <CAlert id="QueenEnergyTooHigh">
        <Icon value="Assets\Textures\btn-unit-zerg-queen.dds"/>
        <PingModel value="PingAlert"/>
        <Sound value=""/>
    </CAlert>
    <CAlert id="NexusEnergyTooHigh">
        <Icon value="Assets\Textures\btn-building-protoss-nexus.dds"/>
        <PingModel value="PingAlert"/>
        <Sound value=""/>
    </CAlert>
    <CAlert id="OrbitalCommandEnergyTooHigh">
        <Icon value="Assets\Textures\btn-techupgrade-terran-orbitalcommand.dds"/>
        <PingModel value="PingAlert"/>
    </CAlert>
    <CAlert id="SupplyBlockImminentProtoss" parent="TrainError">
        <Flags index="Combine" value="0"/>
        <Fade value="0.330000"/>
        <Icon value="Assets\Textures\icon-supply-protoss.dds"/>
        <Life value="1.000000"/>
        <QueueTime value="1.000000"/>
    </CAlert>
    <CAlert id="SupplyBlockImminentTerran" parent="TrainError">
        <Flags index="Combine" value="0"/>
        <Fade value="0.330000"/>
        <Icon value="Assets\Textures\icon-supply-terran.dds"/>
        <Life value="1.000000"/>
        <QueueTime value="1.000000"/>
    </CAlert>
    <CAlert id="SupplyBlockImminentZerg" parent="TrainError">
        <Flags index="Combine" value="0"/>
        <Fade value="0.330000"/>
        <Icon value="Assets\Textures\icon-supply-zerg.dds"/>
        <Life value="1.000000"/>
        <QueueTime value="1.000000"/>
    </CAlert>
</Catalog>
