<?xml version="1.0" encoding="us-ascii"?>
<Catalog>
    <CBehaviorBuff id="QueenSpawnLarvaTimer2">
        <Alignment value="Positive"/>
        <InfoIcon value="Assets\Textures\BTN-Unit-Zerg-Larva.dds"/>
        <EditorCategories value="Race:Zerg,AbilityorEffectType:Structures"/>
        <DisplayDuration index="Self" value="1"/>
        <DisplayDuration index="Ally" value="1"/>
        <BuffFlags index="Countdown" value="0"/>
        <Duration value="40"/>
        <ExpireEffect value="SpawnMutantLarvaApplySpawnBehavior3"/>
    </CBehaviorBuff>
</Catalog>
